Day,Area,Price/Block,Band,Demand,Excess Demand,Provisional Price,Price Increment Applicable,Price,lat,long
1,Andhra Pradesh,292.5,800,0,-5,0,0,234,16,80
1,Assam,35,800,8,-3,35,0,28,26.2006043,92.9375739
1,Bihar,106.25,800,0,-4,0,0,85,25.11,85.32
1,Delhi,771.25,800,0,-3,0,0,617,28.38,77.12
1,Gujarat,343.75,800,0,-2,0,0,275,23,72
1,Haryana,47.5,800,4,-2,47.5,0,38,29.3,76
1,Himachal Pradesh,23.75,800,4,-3,23.75,0,19,31.79,77.1
1,Kashmir,35,800,4,-3,35,0,28,33.94,76.54
1,Karnataka,378.75,800,0,-1,0,0,303,15,75
1,Kolkata,183.75,800,0,-1,0,0,147,22.56263,88.36304
1,Madhya Pradesh,131.85,800,4,-1,124.29,0,105.48,23.3,80
1,Maharashtra,427.98,800,0,-3,427.98,0,342.384,20,76
1,Mumbai,548.75,800,4,-2,548.75,0,439,19.07283,72.88261
1,North East,13.75,800,8,-3,13.75,0,11,28,95
1,Odisha,47.5,800,4,-2,47.5,0,38,26,94.2
1,Punjab,106.25,800,0,-3,0,0,85,30.8,75.5
1,Tamil Nadu,450,800,0,-1,0,0,360,11,78
1,Uttar Pradesh E,167.5,800,0,-3,0,0,134,26,82
1,Uttar Pradesh W,118.75,800,0,-1,0,0,95,28,80
1,West Bengal,71.25,800,0,-1,0,0,57,23,87
1,Andhra Pradesh,144.31,900,50,-20,126.07,0,721.55,16,80
1,Assam,18.34,900,6,-25,17.13,0,91.7,26.2006043,92.9375739
1,Bihar,53.77,900,31,0,42.24,0.42,268.85,25.11,85.32
1,Gujarat,119.68,900,63,-7,119.68,0,598.4,23,72
1,Haryana,19.52,900,50,-12,16.91,0,97.6,29.3,76
1,Himachal Pradesh,9.47,900,92,30,8.44,0.5,47.35,31.79,77.1
1,Karnataka,90.9,900,25,-45,80.85,0,454.5,15,75
1,Kerala,42.79,900,50,-12,37.04,0,213.95,10,76.25
1,Madhya Pradesh,47.16,900,50,-12,44.04,0,235.8,23.3,80
1,Maharashtra,151.56,900,60,-10,137.53,0,757.8,20,76
1,North East,5.85,900,0,-44,5.85,0,29.25,28,95
1,Odisha,24.02,900,62,31,20.98,1.46,120.1,26,94.2
1,Punjab,66.11,900,103,25,44.64,2.23,330.55,30.8,75.5
1,Rajasthan,65.13,900,62,0,47.87,0.47,325.65,27,74
1,Uttar Pradesh E,58.65,900,50,19,58.65,2.34,293.25,26,82
1,Uttar Pradesh W,54.74,900,137,106,54.74,5.47,273.7,28,80
1,West Bengal,22.64,900,0,-22,22.42,0,113.2,23,87
1,Andhra Pradesh,39.15,1800,35,16,36.55,1.46,195.75,16,80
1,Bihar,12.4,1800,0,-10,0,0,62,25.11,85.32
1,Gujarat,47.6,1800,0,-17,0,0,238,23,72
1,Haryana,6.4,1800,27,-13,6.4,0,32,29.3,76
1,Himachal Pradesh,1.8,1800,22,-29,1.8,0,9,31.79,77.1
1,Karnataka,37,1800,8,-1,37,0,185,15,75
1,Kerala,15,1800,0,-5,0,0,75,10,76.25
1,Kolkata,14.74,1800,0,-35,14.6,0,73.7,22.56263,88.36304
1,North East,2.2,1800,0,-42,0,0,11,28,95
1,Odisha,4.6,1800,25,-56,4.6,0,23,26,94.2
1,Punjab,14.34,1800,0,-8,14.2,0,71.7,30.8,75.5
1,Rajasthan,12,1800,0,-52,0,0,60,27,74
1,Tamil Nadu,45,1800,25,-70,45,0,225,11,78
1,Uttar Pradesh E,19.4,1800,0,-21,0,0,97,26,82
1,Uttar Pradesh W,19,1800,0,-11,0,0,95,28,80
1,Andhra Pradesh,1375,2100,0,-1,0,0,275,16,80
1,Assam,164.82,2100,1,0,156.85,1.56,32.964,26.2006043,92.9375739
1,Delhi,3315,2100,0,-1,0,0,663,28.38,77.12
1,Gujarat,1302.9,2100,0,-1,1290,0,260.58,23,72
1,Haryana,232.3,2100,0,-1,230,0,46.46,29.3,76
1,Karnataka,1610,2100,0,-1,0,0,322,15,75
1,Kerala,594.45,2100,0,-1,588.57,0,118.89,10,76.25
1,Kolkata,583.74,2100,0,-1,577.97,0,116.748,22.56263,88.36304
1,Madhya Pradesh,461.31,2100,0,-1,456.75,0,92.262,23.3,80
1,Maharashtra,1520.05,2100,0,-1,1505,0,304.01,20,76
1,Mumbai,3245,2100,0,-1,0,0,649,19.07283,72.88261
1,North East,45.45,2100,1,0,43.26,0.43,9.09,29,95
1,Odisha,182.06,2100,1,0,180.26,1.8,36.412,26,94.2
1,Rajasthan,509.06,2100,1,0,465.92,4.65,101.812,27,74
1,Tamil Nadu,1737.2,2100,0,-1,1720,0,347.44,11,78
1,Uttar Pradesh E,456.01,2100,0,-1,451.5,0,91.202,26,82
1,Uttar Pradesh W,520.15,2100,0,-1,515,0,104.03,28,80
2,Andhra Pradesh,292.5,800,0,-5,0,0,234,16,80
2,Assam,35,800,8,-3,35,0,28,26.2006043,92.9375739
2,Bihar,106.25,800,0,-4,0,0,85,25.11,85.32
2,Delhi,771.25,800,0,-3,0,0,617,28.38,77.12
2,Gujarat,343.75,800,0,-2,0,0,275,23,72
2,Haryana,47.5,800,4,-2,47.5,0,38,29.3,76
2,Himachal Pradesh,23.75,800,4,-3,23.75,0,19,31.79,77.1
2,Kashmir,35,800,4,-3,35,0,28,33.94,76.54
2,Karnataka,378.75,800,0,-1,0,0,303,15,75
2,Kolkata,183.75,800,0,-1,0,0,147,22.56263,88.36304
2,Madhya Pradesh,131.85,800,8,3,131.85,3.95,105.48,23.3,80
2,Maharashtra,427.98,800,0,-3,423.75,0,342.384,20,76
2,Mumbai,548.75,800,4,-2,548.75,0,439,19.07283,72.88261
2,North East,13.75,800,8,-3,13.75,0,11,28,95
2,Odisha,47.5,800,4,-2,47.5,0,38,26,94.2
2,Punjab,106.25,800,0,-3,0,0,85,30.8,75.5
2,Tamil Nadu,450,800,0,-1,0,0,360,11,78
2,Uttar Pradesh E,167.5,800,0,-3,0,0,134,26,82
2,Uttar Pradesh W,118.75,800,0,-1,0,0,95,28,80
2,West Bengal,71.25,800,0,-1,0,0,57,23,87
2,Andhra Pradesh,144.31,900,25,-45,136.15,0,721.55,16,80
2,Assam,18.34,900,6,-25,17.99,0,91.7,26.2006043,92.9375739
2,Bihar,53.77,900,81,50,53.77,5.37,268.85,25.11,85.32
2,Gujarat,119.68,900,88,18,119.68,4.78,598.4,23,72
2,Haryana,19.52,900,75,13,19.52,0.58,97.6,29.3,76
2,Himachal Pradesh,9.47,900,61,-1,9.47,0,47.35,31.79,77.1
2,Karnataka,90.9,900,50,-20,90.9,0,454.5,15,75
2,Kerala,42.79,900,106,44,42.79,3.85,213.95,10,76.25
2,Madhya Pradesh,47.16,900,25,-37,46.7,0,235.8,23.3,80
2,Maharashtra,151.56,900,25,-45,141.65,0,757.8,20,76
2,North East,5.85,900,0,-44,5.8,0,29.25,28,95
2,Odisha,24.02,900,25,-6,24.02,0,120.1,26,94.2
2,Punjab,66.11,900,77,-1,66.11,0,330.55,30.8,75.5
2,Rajasthan,65.13,900,102,40,65.13,5.21,325.65,27,74
2,Uttar Pradesh E,62.82,900,62,31,62.82,4.39,314.1,26,82
2,Uttar Pradesh W,88.14,900,61,30,88.14,5.28,440.7,28,80
2,West Bengal,22.64,900,22,0,22.64,0.22,113.2,23,87
2,Andhra Pradesh,39.15,1800,16,-3,38.01,0,195.75,16,80
2,Bihar,12.4,1800,0,-10,0,0,62,25.11,85.32
2,Gujarat,47.6,1800,0,-17,0,0,238,23,72
2,Haryana,6.4,1800,27,-13,6.4,0,32,29.3,76
2,Himachal Pradesh,1.8,1800,22,-29,1.8,0,9,31.79,77.1
2,Karnataka,37,1800,8,-1,37,0,185,15,75
2,Kerala,15,1800,0,-5,0,0,75,10,76.25
2,Kolkata,14.74,1800,0,-35,14.6,0,73.7,22.56263,88.36304
2,North East,2.2,1800,0,-42,0,0,11,28,95
2,Odisha,4.6,1800,50,-31,4.6,0,23,26,94.2
2,Punjab,14.34,1800,0,-8,14.2,0,71.7,30.8,75.5
2,Rajasthan,12,1800,0,-52,0,0,60,27,74
2,Tamil Nadu,45,1800,25,-70,45,0,225,11,78
2,Uttar Pradesh E,19.4,1800,0,-21,0,0,97,26,82
2,Uttar Pradesh W,19,1800,0,-11,0,0,95,28,80
2,Andhra Pradesh,1375,2100,0,-1,0,0,275,16,80
2,Assam,164.82,2100,1,0,164.82,1.64,32.964,26.2006043,92.9375739
2,Delhi,3315,2100,0,-1,0,0,663,28.38,77.12
2,Gujarat,1302.9,2100,0,-1,1290,0,260.58,23,72
2,Haryana,232.3,2100,0,-1,230,0,46.46,29.3,76
2,Karnataka,1610,2100,0,-1,0,0,322,15,75
2,Kerala,594.45,2100,0,-1,588.57,0,118.89,10,76.25
2,Kolkata,583.74,2100,0,-1,577.97,0,116.748,22.56263,88.36304
2,Madhya Pradesh,461.31,2100,0,-1,456.75,0,92.262,23.3,80
2,Maharashtra,1520.05,2100,0,-1,1505,0,304.01,20,76
2,Mumbai,3245,2100,0,-1,0,0,649,19.07283,72.88261
2,North East,45.45,2100,1,0,45.45,0.45,9.09,29,95
2,Odisha,182.06,2100,0,-1,180.26,0,36.412,26,94.2
2,Rajasthan,509.06,2100,1,0,509.06,5.09,101.812,27,74
2,Tamil Nadu,1737.2,2100,0,-1,1720,0,347.44,11,78
2,Uttar Pradesh E,456.01,2100,0,-1,451.5,0,91.202,26,82
2,Uttar Pradesh W,520.15,2100,0,-1,515,0,104.03,28,80
3,Andhra Pradesh,292.5,800,7,2,292.5,5.85,234,16,80
3,Assam,35.35,800,4,-7,35,0,28.28,26.2006043,92.9375739
3,Bihar,106.25,800,0,-4,0,0,85,25.11,85.32
3,Delhi,771.25,800,0,-3,0,0,617,28.38,77.12
3,Gujarat,343.75,800,0,-2,0,0,275,23,72
3,Haryana,47.5,800,10,4,47.5,1.9,38,29.3,76
3,Himachal Pradesh,23.75,800,4,-3,23.75,0,19,31.79,77.1
3,Kashmir,35,800,8,1,35,0.35,28,33.94,76.54
3,Karnataka,378.75,800,0,-1,0,0,303,15,75
3,Kolkata,183.75,800,0,-1,0,0,147,22.56263,88.36304
3,Madhya Pradesh,154.14,800,4,-1,154.14,0,123.312,23.3,80
3,Maharashtra,432.25,800,0,-3,427.98,0,345.8,20,76
3,Mumbai,634.02,800,0,-6,576.39,0,507.216,19.07283,72.88261
3,North East,13.88,800,4,-7,13.75,0,11.104,28,95
3,Odisha,47.5,800,14,8,47.5,3.8,38,26,94.2
3,Punjab,106.25,800,0,-3,0,0,85,30.8,75.5
3,Tamil Nadu,450,800,0,-1,0,0,360,11,78
3,Uttar Pradesh E,167.5,800,0,-3,0,0,134,26,82
3,Uttar Pradesh W,118.75,800,0,-1,0,0,95,28,80
3,West Bengal,71.25,800,0,-1,0,0,57,23,87
3,Andhra Pradesh,144.31,900,45,-25,136.15,0,721.55,16,80
3,Assam,18.52,900,25,-6,18.34,0,92.6,26.2006043,92.9375739
3,Bihar,80.56,900,6,-25,76.73,0,402.8,25.11,85.32
3,Gujarat,129.43,900,88,18,129.43,5.17,647.15,23,72
3,Haryana,23.68,900,81,19,23.68,0.94,118.4,29.3,76
3,Himachal Pradesh,9.47,900,61,-1,9.47,0,47.35,31.79,77.1
3,Karnataka,105.19,900,100,30,105.19,6.31,525.95,15,75
3,Kerala,67.78,900,60,-2,67.78,0,338.9,10,76.25
3,Madhya Pradesh,53.06,900,75,13,53.06,1.59,265.3,23.3,80
3,Maharashtra,151.56,900,31,-39,141.65,0,757.8,20,76
3,North East,5.85,900,0,-44,5.8,0,29.25,28,95
3,Odisha,27.53,900,6,-25,26.48,0,137.65,26,94.2
3,Punjab,66.11,900,77,-1,66.11,0,330.55,30.8,75.5
3,Rajasthan,74.63,900,25,-37,73.9,0,373.15,27,74
3,Uttar Pradesh E,75.57,900,56,25,75.57,3.77,377.85,26,82
3,Uttar Pradesh W,99.02,900,25,-6,99.02,0,495.1,28,80
3,West Bengal,24,900,22,0,24,0.24,120,23,87
3,Andhra Pradesh,43.17,1800,16,-3,42.75,0,215.85,16,80
3,Bihar,12.4,1800,0,-10,0,0,62,25.11,85.32
3,Gujarat,47.6,1800,0,-17,0,0,238,23,72
3,Haryana,6.4,1800,27,-13,6.4,0,32,29.3,76
3,Himachal Pradesh,1.8,1800,22,-29,1.8,0,9,31.79,77.1
3,Karnataka,37,1800,8,-1,37,0,185,15,75
3,Kerala,15,1800,0,-5,0,0,75,10,76.25
3,Kolkata,15.03,1800,0,-35,14.74,0,75.15,22.56263,88.36304
3,North East,2.2,1800,0,-42,0,0,11,28,95
3,Odisha,4.6,1800,50,-31,4.6,0,23,26,94.2
3,Punjab,14.34,1800,0,-8,14.2,0,71.7,30.8,75.5
3,Rajasthan,12,1800,0,-52,0,0,60,27,74
3,Tamil Nadu,45,1800,50,-45,45,0,225,11,78
3,Uttar Pradesh E,19.4,1800,0,-21,0,0,97,26,82
3,Uttar Pradesh W,19,1800,0,-11,0,0,95,28,80
3,Andhra Pradesh,1375,2100,0,-1,0,0,275,16,80
3,Assam,168.12,2100,0,-1,166.46,0,33.624,26.2006043,92.9375739
3,Delhi,3315,2100,0,-1,0,0,663,28.38,77.12
3,Gujarat,1302.9,2100,0,-1,1290,0,260.58,23,72
3,Haryana,232.3,2100,0,-1,230,0,46.46,29.3,76
3,Karnataka,1610,2100,0,-1,0,0,322,15,75
3,Kerala,594.45,2100,0,-1,588.57,0,118.89,10,76.25
3,Kolkata,583.74,2100,0,-1,577.97,0,116.748,22.56263,88.36304
3,Madhya Pradesh,461.31,2100,0,-1,456.75,0,92.262,23.3,80
3,Maharashtra,1520.05,2100,0,-1,1505,0,304.01,20,76
3,Mumbai,3245,2100,0,-1,0,0,649,19.07283,72.88261
3,North East,48.21,2100,1,0,48.21,0.48,9.642,29,95
3,Odisha,182.06,2100,0,-1,180.26,0,36.412,26,94.2
3,Rajasthan,540.36,2100,1,0,540.36,5.4,108.072,27,74
3,Tamil Nadu,1737.2,2100,0,-1,1720,0,347.44,11,78
3,Uttar Pradesh E,456.01,2100,0,-1,451.5,0,91.202,26,82
3,Uttar Pradesh W,520.15,2100,0,-1,515,0,104.03,28,80
4,Andhra Pradesh,335.19,800,4,-1,325.43,0,268.152,16,80
4,Assam,35.35,800,12,1,35.35,0.35,28.28,26.2006043,92.9375739
4,Bihar,106.25,800,0,-4,0,0,85,25.11,85.32
4,Delhi,778.96,800,0,-3,771.25,0,623.168,28.38,77.12
4,Gujarat,343.75,800,3,1,343.75,3.43,275,23,72
4,Haryana,49.89,800,5,-1,49.4,0,39.912,29.3,76
4,Himachal Pradesh,24.46,800,6,-1,24.46,0,19.568,31.79,77.1
4,Kashmir,36.05,800,2,-5,35.35,0,28.84,33.94,76.54
4,Karnataka,378.75,800,0,-1,0,0,303,15,75
4,Kolkata,183.75,800,0,-1,0,0,147,22.56263,88.36304
4,Madhya Pradesh,171.46,800,4,-1,171.46,0,137.168,23.3,80
4,Maharashtra,440.89,800,3,0,440.89,4.4,352.712,20,76
4,Mumbai,691.08,800,4,-2,691.08,0,552.864,19.07283,72.88261
4,North East,13.88,800,12,1,13.88,0.13,11.104,28,95
4,Odisha,51.3,800,11,5,51.3,2.56,41.04,26,94.2
4,Punjab,106.25,800,4,1,106.25,1.06,85,30.8,75.5
4,Tamil Nadu,450,800,0,-1,0,0,360,11,78
4,Uttar Pradesh E,167.5,800,0,-3,0,0,134,26,82
4,Uttar Pradesh W,118.75,800,0,-1,0,0,95,28,80
4,West Bengal,71.96,800,0,-1,71.25,0,57.568,23,87
4,Andhra Pradesh,144.31,900,45,-25,136.15,0,721.55,16,80
4,Assam,20.42,900,50,19,20.42,0.81,102.1,26.2006043,92.9375739
4,Bihar,81.36,900,25,-6,80.56,0,406.8,25.11,85.32
4,Gujarat,146.71,900,25,-45,134.6,0,733.55,23,72
4,Haryana,27.68,900,25,-37,26.88,0,138.4,29.3,76
4,Himachal Pradesh,10.43,900,86,24,10.43,0.52,52.15,31.79,77.1
4,Karnataka,122.65,900,44,-26,111.5,0,613.25,15,75
4,Kerala,74.61,900,30,-32,73.88,0,373.05,10,76.25
4,Madhya Pradesh,61.9,900,50,-12,61.9,0,309.5,23.3,80
4,Maharashtra,151.56,900,35,-35,141.65,0,757.8,20,76
4,North East,5.85,900,0,-44,5.8,0,29.25,28,95
4,Odisha,28.91,900,6,-25,27.8,0,144.55,26,94.2
4,Punjab,67.43,900,51,-27,66.77,0,337.15,30.8,75.5
4,Rajasthan,78.36,900,0,-62,74.63,0,391.8,27,74
4,Uttar Pradesh E,88.14,900,25,-6,88.14,0,440.7,26,82
4,Uttar Pradesh W,105,900,25,-6,105,0,525,28,80
4,West Bengal,25.45,900,22,0,25.45,0.25,127.25,23,87
4,Andhra Pradesh,48.56,1800,19,0,48.56,0.48,242.8,16,80
4,Bihar,12.4,1800,0,-10,0,0,62,25.11,85.32
4,Gujarat,47.6,1800,0,-17,0,0,238,23,72
4,Haryana,6.4,1800,27,-13,6.4,0,32,29.3,76
4,Himachal Pradesh,1.8,1800,22,-29,1.8,0,9,31.79,77.1
4,Karnataka,37,1800,8,-1,37,0,185,15,75
4,Kerala,15,1800,0,-5,0,0,75,10,76.25
4,Kolkata,15.48,1800,25,-10,15.03,0,77.4,22.56263,88.36304
4,North East,2.2,1800,25,-17,2.2,0,11,28,95
4,Odisha,4.6,1800,75,-6,4.6,0,23,26,94.2
4,Punjab,14.34,1800,0,-8,14.2,0,71.7,30.8,75.5
4,Rajasthan,12,1800,25,-27,12,0,60,27,74
4,Tamil Nadu,45,1800,75,-20,45,0,225,11,78
4,Uttar Pradesh E,19.4,1800,0,-21,0,0,97,26,82
4,Uttar Pradesh W,19,1800,0,-11,0,0,95,28,80
4,Andhra Pradesh,1375,2100,0,-1,0,0,275,16,80
4,Assam,171.49,2100,1,0,171.49,1.71,34.298,26.2006043,92.9375739
4,Delhi,3315,2100,0,-1,0,0,663,28.38,77.12
4,Gujarat,1302.9,2100,0,-1,1290,0,260.58,23,72
4,Haryana,232.3,2100,0,-1,230,0,46.46,29.3,76
4,Karnataka,1626.1,2100,0,-1,1610,0,325.22,15,75
4,Kerala,594.45,2100,0,-1,588.57,0,118.89,10,76.25
4,Kolkata,583.74,2100,0,-1,577.97,0,116.748,22.56263,88.36304
4,Madhya Pradesh,461.31,2100,0,-1,456.75,0,92.262,23.3,80
4,Maharashtra,1520.05,2100,0,-1,1505,0,304.01,20,76
4,Mumbai,3245,2100,0,-1,0,0,649,19.07283,72.88261
4,North East,51.15,2100,1,0,51.15,0.51,10.23,29,95
4,Odisha,182.06,2100,0,-1,180.26,0,36.412,26,94.2
4,Rajasthan,596.29,2100,1,0,596.29,5.96,119.258,27,74
4,Tamil Nadu,1737.2,2100,0,-1,1720,0,347.44,11,78
4,Uttar Pradesh E,456.01,2100,0,-1,451.5,0,91.202,26,82
4,Uttar Pradesh W,520.15,2100,0,-1,515,0,104.03,28,80
5,Andhra Pradesh,366.25,800,12,7,366.25,25.63,293,16,80
5,Assam,36.05,800,12,1,36.05,0.36,28.84,26.2006043,92.9375739
5,Bihar,106.25,800,0,-4,0,0,85,25.11,85.32
5,Delhi,794.6,800,3,0,794.6,7.94,635.68,28.38,77.12
5,Gujarat,347.18,800,0,-2,343.75,0,277.744,23,72
5,Haryana,53.91,800,6,0,53.91,0.53,43.128,29.3,76
5,Himachal Pradesh,26.66,800,0,-7,24.46,0,21.328,31.79,77.1
5,Kashmir,36.05,800,2,-5,35.35,0,28.84,33.94,76.54
5,Karnataka,378.75,800,0,-1,0,0,303,15,75
5,Kolkata,183.75,800,0,-1,0,0,147,22.56263,88.36304
5,Madhya Pradesh,196.44,800,4,-1,196.44,0,157.152,23.3,80
5,Maharashtra,500.73,800,2,-1,500.73,0,400.584,20,76
5,Mumbai,747.46,800,0,-6,718.72,0,597.968,19.07283,72.88261
5,North East,14.15,800,12,1,14.15,0.14,11.32,28,95
5,Odisha,53.86,800,0,-6,51.3,0,43.088,26,94.2
5,Punjab,107.31,800,0,-3,106.25,0,85.848,30.8,75.5
5,Tamil Nadu,450,800,0,-1,0,0,360,11,78
5,Uttar Pradesh E,167.5,800,0,-3,0,0,134,26,82
5,Uttar Pradesh W,118.75,800,0,-1,0,0,95,28,80
5,West Bengal,71.96,800,0,-1,71.25,0,57.568,23,87
5,Andhra Pradesh,144.31,900,45,-25,136.15,0,721.55,16,80
5,Assam,22.29,900,6,-25,21.44,0,111.45,26.2006043,92.9375739
5,Bihar,81.36,900,25,-6,80.56,0,406.8,25.11,85.32
5,Gujarat,146.71,900,30,-40,134.6,0,733.55,23,72
5,Haryana,28.51,900,75,13,28.51,0.85,142.55,29.3,76
5,Himachal Pradesh,11.49,900,61,-1,11.49,0,57.45,31.79,77.1
5,Karnataka,122.65,900,44,-26,111.5,0,613.25,15,75
5,Kerala,74.61,900,30,-32,73.88,0,373.05,10,76.25
5,Madhya Pradesh,64.99,900,0,-62,61.9,0,324.95,23.3,80
5,Maharashtra,153.07,900,45,-25,151.56,0,765.35,20,76
5,North East,5.85,900,0,-44,5.8,0,29.25,28,95
5,Odisha,28.91,900,6,-25,27.8,0,144.55,26,94.2
5,Punjab,67.43,900,51,-27,66.77,0,337.15,30.8,75.5
5,Rajasthan,78.36,900,0,-62,74.63,0,391.8,27,74
5,Uttar Pradesh E,88.14,900,25,-6,88.14,0,440.7,26,82
5,Uttar Pradesh W,110.25,900,30,-1,110.25,0,551.25,28,80
5,West Bengal,27.24,900,22,0,27.24,0.27,136.2,23,87
5,Andhra Pradesh,49.04,1800,6,-13,48.56,0,245.2,16,80
5,Bihar,12.4,1800,0,-10,0,0,62,25.11,85.32
5,Gujarat,47.6,1800,0,-17,0,0,238,23,72
5,Haryana,6.4,1800,27,-13,6.4,0,32,29.3,76
5,Himachal Pradesh,1.8,1800,22,-29,1.8,0,9,31.79,77.1
5,Karnataka,37.37,1800,0,-9,37,0,186.85,15,75
5,Kerala,15,1800,0,-5,0,0,75,10,76.25
5,Kolkata,16.9,1800,59,24,16.9,0.84,84.5,22.56263,88.36304
5,North East,2.2,1800,25,-17,2.2,0,11,28,95
5,Odisha,4.6,1800,75,-6,4.6,0,23,26,94.2
5,Punjab,14.34,1800,0,-8,14.2,0,71.7,30.8,75.5
5,Rajasthan,12,1800,0,-52,12,0,60,27,74
5,Tamil Nadu,45,1800,78,-17,45,0,225,11,78
5,Uttar Pradesh E,19.4,1800,15,-6,19.4,0,97,26,82
5,Uttar Pradesh W,19,1800,0,-11,0,0,95,28,80
5,Andhra Pradesh,1375,2100,0,-1,0,0,275,16,80
5,Assam,174.93,2100,0,-1,173.2,0,34.986,26.2006043,92.9375739
5,Delhi,3315,2100,0,-1,0,0,663,28.38,77.12
5,Gujarat,1302.9,2100,0,-1,1290,0,260.58,23,72
5,Haryana,232.3,2100,0,-1,230,0,46.46,29.3,76
5,Karnataka,1626.1,2100,0,-1,1610,0,325.22,15,75
5,Kerala,594.45,2100,0,-1,588.57,0,118.89,10,76.25
5,Kolkata,583.74,2100,0,-1,577.97,0,116.748,22.56263,88.36304
5,Madhya Pradesh,461.31,2100,0,-1,456.75,0,92.262,23.3,80
5,Maharashtra,1520.05,2100,0,-1,1505,0,304.01,20,76
5,Mumbai,3245,2100,0,-1,0,0,649,19.07283,72.88261
5,North East,51.15,2100,1,-1,51.66,0,10.23,29,95
5,Odisha,182.06,2100,0,-1,180.26,0,36.412,26,94.2
5,Rajasthan,596.29,2100,1,-1,602.25,0,119.258,27,74
5,Tamil Nadu,1737.2,2100,0,-1,1720,0,347.44,11,78
5,Uttar Pradesh E,456.01,2100,0,-1,451.5,0,91.202,26,82
5,Uttar Pradesh W,520.15,2100,0,-1,515,0,104.03,28,80
6,Andhra Pradesh,419.31,800,0,-5,391.88,0,335.448,16,80
6,Assam,40.05,800,16,5,40.05,2,32.04,26.2006043,92.9375739
6,Bihar,106.25,800,0,-4,0,0,85,25.11,85.32
6,Delhi,851.4,800,1,-2,851.4,0,681.12,28.38,77.12
6,Gujarat,347.18,800,0,-2,343.75,0,277.744,23,72
6,Haryana,55.52,800,1,-5,54.98,0,44.416,29.3,76
6,Himachal Pradesh,26.66,800,0,-7,24.46,0,21.328,31.79,77.1
6,Kashmir,36.05,800,2,-5,35.35,0,28.84,33.94,76.54
6,Karnataka,378.75,800,0,-1,0,0,303,15,75
6,Kolkata,183.75,800,0,-1,0,0,147,22.56263,88.36304
6,Madhya Pradesh,204.29,800,8,3,204.29,6.12,163.432,23.3,80
6,Maharashtra,563.08,800,2,-1,563.08,0,450.464,20,76
6,Mumbai,747.46,800,4,-2,747.46,0,597.968,19.07283,72.88261
6,North East,15,800,4,-7,14.29,0,12,28,95
6,Odisha,53.86,800,0,-6,51.3,0,43.088,26,94.2
6,Punjab,107.31,800,8,5,107.31,5.36,85.848,30.8,75.5
6,Tamil Nadu,450,800,0,-1,0,0,360,11,78
6,Uttar Pradesh E,167.5,800,0,-3,0,0,134,26,82
6,Uttar Pradesh W,118.75,800,0,-1,0,0,95,28,80
6,West Bengal,71.96,800,0,-1,71.25,0,57.568,23,87
6,Andhra Pradesh,144.31,900,45,-25,136.15,0,721.55,16,80
6,Assam,23.64,900,50,19,23.64,0.94,118.2,26.2006043,92.9375739
6,Bihar,81.36,900,25,-6,80.56,0,406.8,25.11,85.32
6,Gujarat,146.71,900,30,-40,134.6,0,733.55,23,72
6,Haryana,30.24,900,26,-36,29.36,0,151.2,29.3,76
6,Himachal Pradesh,11.6,900,0,-62,11.49,0,58,31.79,77.1
6,Karnataka,122.65,900,44,-26,111.5,0,613.25,15,75
6,Kerala,74.61,900,30,-32,73.88,0,373.05,10,76.25
6,Madhya Pradesh,64.99,900,0,-62,61.9,0,324.95,23.3,80
6,Maharashtra,154.6,900,0,-70,153.07,0,773,20,76
6,North East,6.3,900,69,25,6.3,0.31,31.5,28,95
6,Odisha,28.91,900,6,-25,27.8,0,144.55,26,94.2
6,Punjab,72.15,900,89,11,72.15,2.16,360.75,30.8,75.5
6,Rajasthan,86.19,900,77,15,86.19,2.58,430.95,27,74
6,Uttar Pradesh E,88.14,900,26,-5,88.14,0,440.7,26,82
6,Uttar Pradesh W,110.25,900,30,-1,110.25,0,551.25,28,80
6,West Bengal,28.61,900,44,22,28.61,1.43,143.05,23,87
6,Andhra Pradesh,49.04,1800,6,-13,48.56,0,245.2,16,80
6,Bihar,12.4,1800,0,-10,0,0,62,25.11,85.32
6,Gujarat,48.07,1800,0,-17,47.6,0,240.35,23,72
6,Haryana,6.52,1800,47,7,6.52,0.13,32.6,29.3,76
6,Himachal Pradesh,1.98,1800,26,-25,1.8,0,9.9,31.79,77.1
6,Karnataka,37.37,1800,0,-9,37,0,186.85,15,75
6,Kerala,15.15,1800,0,-5,15,0,75.75,10,76.25
6,Kolkata,18.62,1800,98,63,18.62,1.86,93.1,22.56263,88.36304
6,North East,2.2,1800,25,-17,2.2,0,11,28,95
6,Odisha,4.78,1800,75,-6,4.6,0,23.9,26,94.2
6,Punjab,14.34,1800,0,-8,14.2,0,71.7,30.8,75.5
6,Rajasthan,13.86,1800,25,-27,13.2,0,69.3,27,74
6,Tamil Nadu,45,1800,78,-17,45,0,225,11,78
6,Uttar Pradesh E,19.4,1800,15,-6,19.4,0,97,26,82
6,Uttar Pradesh W,19,1800,0,-11,0,0,95,28,80
6,Andhra Pradesh,1375,2100,0,-1,0,0,275,16,80
6,Assam,176.67,2100,0,-1,174.93,0,35.334,26.2006043,92.9375739
6,Delhi,3315,2100,0,-1,0,0,663,28.38,77.12
6,Gujarat,1302.9,2100,0,-1,1290,0,260.58,23,72
6,Haryana,232.3,2100,0,-1,230,0,46.46,29.3,76
6,Karnataka,1658.78,2100,0,-1,1642.36,0,331.756,15,75
6,Kerala,594.45,2100,0,-1,588.57,0,118.89,10,76.25
6,Kolkata,583.74,2100,0,-1,577.97,0,116.748,22.56263,88.36304
6,Madhya Pradesh,461.31,2100,0,-1,456.75,0,92.262,23.3,80
6,Maharashtra,1520.05,2100,0,-1,1505,0,304.01,20,76
6,Mumbai,3245,2100,0,-1,0,0,649,19.07283,72.88261
6,North East,53.74,2100,0,-1,53.21,0,10.748,29,95
6,Odisha,182.06,2100,0,-1,180.26,0,36.412,26,94.2
6,Rajasthan,614.35,2100,0,-1,608.27,0,122.87,27,74
6,Tamil Nadu,1737.2,2100,0,-1,1720,0,347.44,11,78
6,Uttar Pradesh E,456.01,2100,0,-1,451.5,0,91.202,26,82
6,Uttar Pradesh W,520.15,2100,0,-1,515,0,104.03,28,80
7,Andhra Pradesh,444.83,800,4,-1,431.88,0,355.864,16,80
7,Assam,42.47,800,8,-3,42.47,0,33.976,26.2006043,92.9375739
7,Bihar,106.25,800,0,-4,0,0,85,25.11,85.32
7,Delhi,877.18,800,1,-2,877.18,0,701.744,28.38,77.12
7,Gujarat,347.18,800,0,-2,343.75,0,277.744,23,72
7,Haryana,64.12,800,1,-5,61.07,0,51.296,29.3,76
7,Himachal Pradesh,26.66,800,0,-7,24.46,0,21.328,31.79,77.1
7,Kashmir,36.05,800,2,-5,35.35,0,28.84,33.94,76.54
7,Karnataka,378.75,800,0,-1,0,0,303,15,75
7,Kolkata,183.75,800,0,-1,0,0,147,22.56263,88.36304
7,Madhya Pradesh,223.22,800,8,3,223.22,6.69,178.576,23.3,80
7,Maharashtra,615.11,800,2,-1,615.11,0,492.088,20,76
7,Mumbai,840.77,800,4,-2,840.77,0,672.616,19.07283,72.88261
7,North East,16.85,800,4,-7,15.75,0,13.48,28,95
7,Odisha,53.86,800,0,-6,51.3,0,43.088,26,94.2
7,Punjab,112.67,800,0,-3,107.31,0,90.136,30.8,75.5
7,Tamil Nadu,450,800,0,-1,0,0,360,11,78
7,Uttar Pradesh E,167.5,800,0,-3,0,0,134,26,82
7,Uttar Pradesh W,118.75,800,0,-1,0,0,95,28,80
7,West Bengal,71.96,800,0,-1,71.25,0,57.568,23,87
7,Andhra Pradesh,144.31,900,45,-25,136.15,0,721.55,16,80
7,Assam,27.66,900,46,15,27.66,0.82,138.3,26.2006043,92.9375739
7,Bihar,81.36,900,25,-6,80.56,0,406.8,25.11,85.32
7,Gujarat,146.71,900,30,-40,134.6,0,733.55,23,72
7,Haryana,30.24,900,28,-34,29.36,0,151.2,29.3,76
7,Himachal Pradesh,11.6,900,0,-62,11.49,0,58,31.79,77.1
7,Karnataka,122.65,900,44,-26,111.5,0,613.25,15,75
7,Kerala,74.61,900,30,-32,73.88,0,373.05,10,76.25
7,Madhya Pradesh,64.99,900,0,-62,61.9,0,324.95,23.3,80
7,Maharashtra,154.6,900,0,-70,153.07,0,773,20,76
7,North East,9.16,900,50,6,9.16,0.18,45.8,28,95
7,Odisha,28.91,900,6,-25,27.8,0,144.55,26,94.2
7,Punjab,74.31,900,74,-4,72.15,0,371.55,30.8,75.5
7,Rajasthan,90.54,900,64,2,90.54,0.9,452.7,27,74
7,Uttar Pradesh E,88.14,900,29,-2,88.14,0,440.7,26,82
7,Uttar Pradesh W,110.25,900,30,-1,110.25,0,551.25,28,80
7,West Bengal,31.55,900,22,0,31.55,0.31,157.75,23,87
7,Andhra Pradesh,49.04,1800,6,-13,48.56,0,245.2,16,80
7,Bihar,12.4,1800,0,-10,0,0,62,25.11,85.32
7,Gujarat,48.07,1800,0,-17,47.6,0,240.35,23,72
7,Haryana,6.91,1800,47,7,6.91,0.13,34.55,29.3,76
7,Himachal Pradesh,2.02,1800,28,-23,2,0,10.1,31.79,77.1
7,Karnataka,37.37,1800,0,-9,37,0,186.85,15,75
7,Kerala,15.15,1800,0,-5,15,0,75.75,10,76.25
7,Kolkata,24.32,1800,74,39,24.32,1.94,121.6,22.56263,88.36304
7,North East,2.2,1800,25,-17,2.2,0,11,28,95
7,Odisha,5.16,1800,75,-6,4.97,0,25.8,26,94.2
7,Punjab,14.34,1800,0,-8,14.2,0,71.7,30.8,75.5
7,Rajasthan,15.27,1800,0,-52,14.55,0,76.35,27,74
7,Tamil Nadu,45,1800,78,-17,45,0,225,11,78
7,Uttar Pradesh E,19.4,1800,15,-6,19.4,0,97,26,82
7,Uttar Pradesh W,19,1800,0,-11,0,0,95,28,80
7,Andhra Pradesh,1375,2100,0,-1,0,0,275,16,80
7,Assam,178.43,2100,1,0,178.43,1.78,35.686,26.2006043,92.9375739
7,Delhi,3315,2100,0,-1,0,0,663,28.38,77.12
7,Gujarat,1302.9,2100,0,-1,1290,0,260.58,23,72
7,Haryana,232.3,2100,0,-1,230,0,46.46,29.3,76
7,Karnataka,1658.78,2100,0,-1,1642.36,0,331.756,15,75
7,Kerala,594.45,2100,0,-1,588.57,0,118.89,10,76.25
7,Kolkata,583.74,2100,0,-1,577.97,0,116.748,22.56263,88.36304
7,Madhya Pradesh,461.31,2100,0,-1,456.75,0,92.262,23.3,80
7,Maharashtra,1520.05,2100,0,-1,1505,0,304.01,20,76
7,Mumbai,3245,2100,0,-1,0,0,649,19.07283,72.88261
7,North East,53.74,2100,0,-1,53.21,0,10.748,29,95
7,Odisha,182.06,2100,0,-1,180.26,0,36.412,26,94.2
7,Rajasthan,645.66,2100,1,0,645.66,6.45,129.132,27,74
7,Tamil Nadu,1737.2,2100,0,-1,1720,0,347.44,11,78
7,Uttar Pradesh E,456.01,2100,0,-1,451.5,0,91.202,26,82
7,Uttar Pradesh W,520.15,2100,0,-1,515,0,104.03,28,80
8,Andhra Pradesh,504.94,800,4,-1,471.91,0,403.952,16,80
8,Assam,49.1,800,10,-1,49.1,0,39.28,26.2006043,92.9375739
8,Bihar,106.25,800,0,-4,0,0,85,25.11,85.32
8,Delhi,894.8,800,0,-3,885.95,0,715.84,28.38,77.12
8,Gujarat,347.18,800,0,-2,343.75,0,277.744,23,72
8,Haryana,67.99,800,1,-5,67.32,0,54.392,29.3,76
8,Himachal Pradesh,26.66,800,0,-7,24.46,0,21.328,31.79,77.1
8,Kashmir,36.05,800,2,-5,35.35,0,28.84,33.94,76.54
8,Karnataka,378.75,800,0,-1,0,0,303,15,75
8,Kolkata,183.75,800,0,-1,0,0,147,22.56263,88.36304
8,Madhya Pradesh,243.9,800,8,3,243.9,7.31,195.12,23.3,80
8,Maharashtra,652.8,800,3,0,652.8,6.52,522.24,20,76
8,Mumbai,918.46,800,0,-6,909.37,0,734.768,19.07283,72.88261
8,North East,18.75,800,16,5,18.75,0.93,15,28,95
8,Odisha,53.86,800,0,-6,51.3,0,43.088,26,94.2
8,Punjab,112.67,800,0,-3,107.31,0,90.136,30.8,75.5
8,Tamil Nadu,450,800,0,-1,0,0,360,11,78
8,Uttar Pradesh E,167.5,800,0,-3,0,0,134,26,82
8,Uttar Pradesh W,118.75,800,0,-1,0,0,95,28,80
8,West Bengal,71.96,800,0,-1,71.25,0,57.568,23,87
8,Andhra Pradesh,144.31,900,45,-25,136.15,0,721.55,16,80
8,Assam,35.92,900,18,-13,35.92,0,179.6,26.2006043,92.9375739
8,Bihar,81.36,900,25,-6,80.56,0,406.8,25.11,85.32
8,Gujarat,146.71,900,30,-40,134.6,0,733.55,23,72
8,Haryana,30.24,900,28,-34,29.36,0,151.2,29.3,76
8,Himachal Pradesh,11.6,900,0,-62,11.49,0,58,31.79,77.1
8,Karnataka,122.65,900,44,-26,111.5,0,613.25,15,75
8,Kerala,74.61,900,30,-32,73.88,0,373.05,10,76.25
8,Madhya Pradesh,64.99,900,0,-62,61.9,0,324.95,23.3,80
8,Maharashtra,154.6,900,0,-70,153.07,0,773,20,76
8,North East,10.28,900,44,0,10.28,0.1,51.4,28,95
8,Odisha,28.91,900,6,-25,27.8,0,144.55,26,94.2
8,Punjab,74.31,900,74,-4,72.15,0,371.55,30.8,75.5
8,Rajasthan,91.44,900,0,-62,90.54,0,457.2,27,74
8,Uttar Pradesh E,88.14,900,29,-2,88.14,0,440.7,26,82
8,Uttar Pradesh W,110.25,900,30,-1,110.25,0,551.25,28,80
8,West Bengal,33.46,900,22,0,33.46,0.33,167.3,23,87
8,Andhra Pradesh,49.04,1800,6,-13,48.56,0,245.2,16,80
8,Bihar,12.4,1800,0,-10,0,0,62,25.11,85.32
8,Gujarat,48.07,1800,0,-17,47.6,0,240.35,23,72
8,Haryana,7.32,1800,57,17,7.32,0.29,36.6,29.3,76
8,Himachal Pradesh,2.12,1800,40,-11,2.08,0,10.6,31.79,77.1
8,Karnataka,37.37,1800,0,-9,37,0,186.85,15,75
8,Kerala,15.15,1800,0,-5,15,0,75.75,10,76.25
8,Kolkata,28.39,1800,50,15,28.39,0.85,141.95,22.56263,88.36304
8,North East,2.2,1800,25,-17,2.2,0,11,28,95
8,Odisha,5.57,1800,75,-6,5.36,0,27.85,26,94.2
8,Punjab,14.34,1800,0,-8,14.2,0,71.7,30.8,75.5
8,Rajasthan,15.27,1800,0,-52,14.55,0,76.35,27,74
8,Tamil Nadu,45,1800,78,-17,45,0,225,11,78
8,Uttar Pradesh E,19.4,1800,15,-6,19.4,0,97,26,82
8,Uttar Pradesh W,19,1800,3,-8,19,0,95,28,80
8,Andhra Pradesh,1375,2100,0,-1,0,0,275,16,80
8,Assam,189.38,2100,1,0,189.38,1.89,37.876,26.2006043,92.9375739
8,Delhi,3315,2100,0,-1,0,0,663,28.38,77.12
8,Gujarat,1302.9,2100,0,-1,1290,0,260.58,23,72
8,Haryana,232.3,2100,0,-1,230,0,46.46,29.3,76
8,Karnataka,1658.78,2100,0,-1,1642.36,0,331.756,15,75
8,Kerala,594.45,2100,0,-1,588.57,0,118.89,10,76.25
8,Kolkata,583.74,2100,0,-1,577.97,0,116.748,22.56263,88.36304
8,Madhya Pradesh,461.31,2100,0,-1,456.75,0,92.262,23.3,80
8,Maharashtra,1520.05,2100,0,-1,1505,0,304.01,20,76
8,Mumbai,3245,2100,0,-1,0,0,649,19.07283,72.88261
8,North East,53.74,2100,1,0,53.74,0.53,10.748,29,95
8,Odisha,182.06,2100,0,-1,180.26,0,36.412,26,94.2
8,Rajasthan,685.35,2100,1,0,685.35,6.85,137.07,27,74
8,Tamil Nadu,1737.2,2100,0,-1,1720,0,347.44,11,78
8,Uttar Pradesh E,456.01,2100,0,-1,451.5,0,91.202,26,82
8,Uttar Pradesh W,520.15,2100,1,0,520.15,5.2,104.03,28,80
9,Andhra Pradesh,541.03,800,7,2,541.03,10.82,432.824,16,80
9,Assam,57.82,800,4,-7,53.05,0,46.256,26.2006043,92.9375739
9,Bihar,106.25,800,0,-4,0,0,85,25.11,85.32
9,Delhi,903.74,800,1,-2,903.74,0,722.992,28.38,77.12
9,Gujarat,350.65,800,0,-2,347.18,0,280.52,23,72
9,Haryana,70.71,800,15,9,70.71,6.36,56.568,29.3,76
9,Himachal Pradesh,26.66,800,0,-7,24.46,0,21.328,31.79,77.1
9,Kashmir,36.05,800,2,-5,35.35,0,28.84,33.94,76.54
9,Karnataka,378.75,800,0,-1,0,0,303,15,75
9,Kolkata,183.75,800,0,-1,0,0,147,22.56263,88.36304
9,Madhya Pradesh,266.5,800,8,3,266.5,7.99,213.2,23.3,80
9,Maharashtra,699.59,800,2,-1,699.59,0,559.672,20,76
9,Mumbai,918.46,800,0,-6,909.37,0,734.768,19.07283,72.88261
9,North East,22.32,800,16,5,22.32,1.11,17.856,28,95
9,Odisha,53.86,800,0,-6,51.3,0,43.088,26,94.2
9,Punjab,112.67,800,0,-3,107.31,0,90.136,30.8,75.5
9,Tamil Nadu,450,800,0,-1,0,0,360,11,78
9,Uttar Pradesh E,167.5,800,0,-3,0,0,134,26,82
9,Uttar Pradesh W,118.75,800,0,-1,0,0,95,28,80
9,West Bengal,71.96,800,0,-1,71.25,0,57.568,23,87
9,Andhra Pradesh,144.31,900,45,-25,136.15,0,721.55,16,80
9,Assam,37.35,900,0,-31,36.99,0,186.75,26.2006043,92.9375739
9,Bihar,81.36,900,25,-6,80.56,0,406.8,25.11,85.32
9,Gujarat,146.71,900,30,-40,134.6,0,733.55,23,72
9,Haryana,30.24,900,31,-31,29.36,0,151.2,29.3,76
9,Himachal Pradesh,11.6,900,0,-62,11.49,0,58,31.79,77.1
9,Karnataka,122.65,900,44,-26,111.5,0,613.25,15,75
9,Kerala,74.61,900,30,-32,73.88,0,373.05,10,76.25
9,Madhya Pradesh,64.99,900,37,-25,61.9,0,324.95,23.3,80
9,Maharashtra,156.14,900,0,-70,154.6,0,780.7,20,76
9,North East,10.48,900,0,-44,10.38,0,52.4,28,95
9,Odisha,28.91,900,6,-25,27.8,0,144.55,26,94.2
9,Punjab,74.31,900,75,-3,72.15,0,371.55,30.8,75.5
9,Rajasthan,91.44,900,29,-33,90.54,0,457.2,27,74
9,Uttar Pradesh E,89.02,900,0,-31,88.14,0,445.1,26,82
9,Uttar Pradesh W,110.25,900,30,-1,110.25,0,551.25,28,80
9,West Bengal,36.89,900,22,0,36.89,0.36,184.45,23,87
9,Andhra Pradesh,49.04,1800,6,-13,48.56,0,245.2,16,80
9,Bihar,12.4,1800,0,-10,0,0,62,25.11,85.32
9,Gujarat,48.07,1800,0,-17,47.6,0,240.35,23,72
9,Haryana,8.06,1800,51,11,8.06,0.24,40.3,29.3,76
9,Himachal Pradesh,2.42,1800,55,4,2.42,0.02,12.1,31.79,77.1
9,Karnataka,37.37,1800,0,-9,37,0,186.85,15,75
9,Kerala,15.15,1800,0,-5,15,0,75.75,10,76.25
9,Kolkata,31.01,1800,0,-35,29.82,0,155.05,22.56263,88.36304
9,North East,2.2,1800,33,-9,2.2,0,11,28,95
9,Odisha,6.62,1800,50,-31,6.02,0,33.1,26,94.2
9,Punjab,14.34,1800,0,-8,14.2,0,71.7,30.8,75.5
9,Rajasthan,15.27,1800,0,-52,14.55,0,76.35,27,74
9,Tamil Nadu,45,1800,78,-17,45,0,225,11,78
9,Uttar Pradesh E,19.4,1800,15,-6,19.4,0,97,26,82
9,Uttar Pradesh W,19,1800,3,-8,19,0,95,28,80
9,Andhra Pradesh,1375,2100,0,-1,0,0,275,16,80
9,Assam,195.11,2100,0,-1,193.18,0,39.022,26.2006043,92.9375739
9,Delhi,3315,2100,0,-1,0,0,663,28.38,77.12
9,Gujarat,1302.9,2100,0,-1,1290,0,260.58,23,72
9,Haryana,232.3,2100,0,-1,230,0,46.46,29.3,76
9,Karnataka,1658.78,2100,0,-1,1642.36,0,331.756,15,75
9,Kerala,594.45,2100,0,-1,588.57,0,118.89,10,76.25
9,Kolkata,583.74,2100,0,-1,577.97,0,116.748,22.56263,88.36304
9,Madhya Pradesh,461.31,2100,0,-1,456.75,0,92.262,23.3,80
9,Maharashtra,1520.05,2100,0,-1,1505,0,304.01,20,76
9,Mumbai,3245,2100,0,-1,0,0,649,19.07283,72.88261
9,North East,55.9,2100,0,-1,55.35,0,11.18,29,95
9,Odisha,182.06,2100,0,-1,180.26,0,36.412,26,94.2
9,Rajasthan,706.11,2100,0,-1,699.12,0,141.222,27,74
9,Tamil Nadu,1737.2,2100,0,-1,1720,0,347.44,11,78
9,Uttar Pradesh E,456.01,2100,0,-1,451.5,0,91.202,26,82
9,Uttar Pradesh W,530.6,2100,0,-1,525.35,0,106.12,28,80
10,Andhra Pradesh,574.13,800,7,2,574.13,11.48,459.304,16,80
10,Assam,65.64,800,8,-3,65.64,0,52.512,26.2006043,92.9375739
10,Bihar,106.25,800,0,-4,0,0,85,25.11,85.32
10,Delhi,931.1,800,1,-2,931.1,0,744.88,28.38,77.12
10,Gujarat,350.65,800,0,-2,347.18,0,280.52,23,72
10,Haryana,77.07,800,1,-5,70.71,0,61.656,29.3,76
10,Himachal Pradesh,26.66,800,0,-7,24.46,0,21.328,31.79,77.1
10,Kashmir,36.05,800,2,-5,35.35,0,28.84,33.94,76.54
10,Karnataka,378.75,800,0,-1,0,0,303,15,75
10,Kolkata,183.75,800,0,-1,0,0,147,22.56263,88.36304
10,Madhya Pradesh,291.2,800,8,3,291.2,8.73,232.96,23.3,80
10,Maharashtra,742.4,800,2,-1,742.4,0,593.92,20,76
10,Mumbai,918.46,800,0,-6,909.37,0,734.768,19.07283,72.88261
10,North East,25.83,800,16,5,25.83,1.29,20.664,28,95
10,Odisha,53.86,800,0,-6,51.3,0,43.088,26,94.2
10,Punjab,112.67,800,0,-3,107.31,0,90.136,30.8,75.5
10,Tamil Nadu,450,800,0,-1,0,0,360,11,78
10,Uttar Pradesh E,167.5,800,0,-3,0,0,134,26,82
10,Uttar Pradesh W,118.75,800,0,-1,0,0,95,28,80
10,West Bengal,71.96,800,0,-1,71.25,0,57.568,23,87
10,Andhra Pradesh,144.31,900,45,-25,136.15,0,721.55,16,80
10,Assam,37.35,900,0,-31,36.99,0,186.75,26.2006043,92.9375739
10,Bihar,81.36,900,25,-6,80.56,0,406.8,25.11,85.32
10,Gujarat,146.71,900,30,-40,134.6,0,733.55,23,72
10,Haryana,30.24,900,31,-31,29.36,0,151.2,29.3,76
10,Himachal Pradesh,11.6,900,0,-62,11.49,0,58,31.79,77.1
10,Karnataka,122.65,900,44,-26,111.5,0,613.25,15,75
10,Kerala,74.61,900,30,-32,73.88,0,373.05,10,76.25
10,Madhya Pradesh,64.99,900,37,-25,61.9,0,324.95,23.3,80
10,Maharashtra,156.14,900,0,-70,154.6,0,780.7,20,76
10,North East,10.48,900,0,-44,10.38,0,52.4,28,95
10,Odisha,28.91,900,6,-25,27.8,0,144.55,26,94.2
10,Punjab,74.31,900,75,-3,72.15,0,371.55,30.8,75.5
10,Rajasthan,91.44,900,29,-33,90.54,0,457.2,27,74
10,Uttar Pradesh E,89.02,900,0,-31,88.14,0,445.1,26,82
10,Uttar Pradesh W,110.25,900,30,-1,110.25,0,551.25,28,80
10,West Bengal,39.12,900,22,0,39.12,0.39,195.6,23,87
10,Andhra Pradesh,49.04,1800,6,-13,48.56,0,245.2,16,80
10,Bihar,12.4,1800,0,-10,0,0,62,25.11,85.32
10,Gujarat,48.07,1800,0,-17,47.6,0,240.35,23,72
10,Haryana,8.79,1800,51,11,8.79,0.26,43.95,29.3,76
10,Himachal Pradesh,2.48,1800,54,3,2.48,0.02,12.4,31.79,77.1
10,Karnataka,37.37,1800,0,-9,37,0,186.85,15,75
10,Kerala,15.15,1800,0,-5,15,0,75.75,10,76.25
10,Kolkata,31.01,1800,0,-35,29.82,0,155.05,22.56263,88.36304
10,North East,2.2,1800,33,-9,2.2,0,11,28,95
10,Odisha,6.68,1800,25,-56,6.62,0,33.4,26,94.2
10,Punjab,14.34,1800,0,-8,14.2,0,71.7,30.8,75.5
10,Rajasthan,15.27,1800,0,-52,14.55,0,76.35,27,74
10,Tamil Nadu,45,1800,84,-11,45,0,225,11,78
10,Uttar Pradesh E,19.4,1800,18,-3,19.4,0,97,26,82
10,Uttar Pradesh W,19,1800,3,-8,19,0,95,28,80
10,Andhra Pradesh,1375,2100,0,-1,0,0,275,16,80
10,Assam,195.11,2100,0,-1,193.18,0,39.022,26.2006043,92.9375739
10,Delhi,3315,2100,0,-1,0,0,663,28.38,77.12
10,Gujarat,1302.9,2100,0,-1,1290,0,260.58,23,72
10,Haryana,232.3,2100,0,-1,230,0,46.46,29.3,76
10,Karnataka,1658.78,2100,0,-1,1642.36,0,331.756,15,75
10,Kerala,594.45,2100,0,-1,588.57,0,118.89,10,76.25
10,Kolkata,583.74,2100,0,-1,577.97,0,116.748,22.56263,88.36304
10,Madhya Pradesh,461.31,2100,0,-1,456.75,0,92.262,23.3,80
10,Maharashtra,1520.05,2100,0,-1,1505,0,304.01,20,76
10,Mumbai,3245,2100,0,-1,0,0,649,19.07283,72.88261
10,North East,55.9,2100,0,-1,55.35,0,11.18,29,95
10,Odisha,182.06,2100,0,-1,180.26,0,36.412,26,94.2
10,Rajasthan,706.11,2100,0,-1,699.12,0,141.222,27,74
10,Tamil Nadu,1737.2,2100,0,-1,1720,0,347.44,11,78
10,Uttar Pradesh E,456.01,2100,0,-1,451.5,0,91.202,26,82
10,Uttar Pradesh W,530.6,2100,0,-1,525.35,0,106.12,28,80
11,Andhra Pradesh,609.26,800,7,2,609.26,12.18,487.408,16,80
11,Assam,75.97,800,8,-3,75.97,0,60.776,26.2006043,92.9375739
11,Bihar,106.25,800,1,-3,106.25,0,85,25.11,85.32
11,Delhi,959.3,800,1,-2,959.3,0,767.44,28.38,77.12
11,Gujarat,350.65,800,0,-2,347.18,0,280.52,23,72
11,Haryana,77.07,800,1,-5,70.71,0,61.656,29.3,76
11,Himachal Pradesh,26.66,800,0,-7,24.46,0,21.328,31.79,77.1
11,Kashmir,36.05,800,2,-5,35.35,0,28.84,33.94,76.54
11,Karnataka,378.75,800,0,-1,0,0,303,15,75
11,Kolkata,185.58,800,0,-1,183.75,0,148.464,22.56263,88.36304
11,Madhya Pradesh,318.18,800,8,3,318.18,9.54,254.544,23.3,80
11,Maharashtra,787.82,800,2,-1,787.82,0,630.256,20,76
11,Mumbai,918.46,800,0,-6,909.37,0,734.768,19.07283,72.88261
11,North East,27.39,800,12,1,27.39,0.27,21.912,28,95
11,Odisha,53.86,800,0,-6,51.3,0,43.088,26,94.2
11,Punjab,112.67,800,0,-3,107.31,0,90.136,30.8,75.5
11,Tamil Nadu,450,800,0,-1,0,0,360,11,78
11,Uttar Pradesh E,167.5,800,0,-3,0,0,134,26,82
11,Uttar Pradesh W,118.75,800,0,-1,0,0,95,28,80
11,West Bengal,71.96,800,0,-1,71.25,0,57.568,23,87
11,Andhra Pradesh,144.31,900,45,-25,136.15,0,721.55,16,80
11,Assam,37.35,900,0,-31,36.99,0,186.75,26.2006043,92.9375739
11,Bihar,81.36,900,25,-6,80.56,0,406.8,25.11,85.32
11,Gujarat,146.71,900,30,-40,134.6,0,733.55,23,72
11,Haryana,30.24,900,31,-31,29.36,0,151.2,29.3,76
11,Himachal Pradesh,11.6,900,0,-62,11.49,0,58,31.79,77.1
11,Karnataka,122.65,900,44,-26,111.5,0,613.25,15,75
11,Kerala,74.61,900,30,-32,73.88,0,373.05,10,76.25
11,Madhya Pradesh,64.99,900,37,-25,61.9,0,324.95,23.3,80
11,Maharashtra,156.14,900,0,-70,154.6,0,780.7,20,76
11,North East,10.48,900,0,-44,10.38,0,52.4,28,95
11,Odisha,28.91,900,6,-25,27.8,0,144.55,26,94.2
11,Punjab,74.31,900,75,-3,72.15,0,371.55,30.8,75.5
11,Rajasthan,91.44,900,29,-33,90.54,0,457.2,27,74
11,Uttar Pradesh E,89.02,900,0,-31,88.14,0,445.1,26,82
11,Uttar Pradesh W,110.25,900,30,-1,110.25,0,551.25,28,80
11,West Bengal,40.69,900,30,8,40.69,0.81,203.45,23,87
11,Andhra Pradesh,49.04,1800,6,-13,48.56,0,245.2,16,80
11,Bihar,12.4,1800,0,-10,0,0,62,25.11,85.32
11,Gujarat,48.07,1800,0,-17,47.6,0,240.35,23,72
11,Haryana,9.59,1800,3,-37,9.32,0,47.95,29.3,76
11,Himachal Pradesh,2.7,1800,66,15,2.7,0.08,13.5,31.79,77.1
11,Karnataka,37.37,1800,0,-9,37,0,186.85,15,75
11,Kerala,15.3,1800,5,0,15.3,0.15,76.5,10,76.25
11,Kolkata,31.01,1800,0,-35,29.82,0,155.05,22.56263,88.36304
11,North East,2.2,1800,33,-9,2.2,0,11,28,95
11,Odisha,6.68,1800,25,-56,6.62,0,33.4,26,94.2
11,Punjab,14.34,1800,3,-5,14.2,0,71.7,30.8,75.5
11,Rajasthan,15.27,1800,0,-52,14.55,0,76.35,27,74
11,Tamil Nadu,45,1800,85,-10,45,0,225,11,78
11,Uttar Pradesh E,19.4,1800,18,-3,19.4,0,97,26,82
11,Uttar Pradesh W,19,1800,3,-8,19,0,95,28,80
11,Andhra Pradesh,1375,2100,0,-1,0,0,275,16,80
11,Assam,195.11,2100,0,-1,193.18,0,39.022,26.2006043,92.9375739
11,Delhi,3315,2100,0,-1,0,0,663,28.38,77.12
11,Gujarat,1302.9,2100,0,-1,1290,0,260.58,23,72
11,Haryana,232.3,2100,0,-1,230,0,46.46,29.3,76
11,Karnataka,1658.78,2100,0,-1,1642.36,0,331.756,15,75
11,Kerala,594.45,2100,0,-1,588.57,0,118.89,10,76.25
11,Kolkata,583.74,2100,0,-1,577.97,0,116.748,22.56263,88.36304
11,Madhya Pradesh,461.31,2100,0,-1,456.75,0,92.262,23.3,80
11,Maharashtra,1520.05,2100,0,-1,1505,0,304.01,20,76
11,Mumbai,3245,2100,0,-1,0,0,649,19.07283,72.88261
11,North East,55.9,2100,0,-1,55.35,0,11.18,29,95
11,Odisha,182.06,2100,0,-1,180.26,0,36.412,26,94.2
11,Rajasthan,706.11,2100,0,-1,699.12,0,141.222,27,74
11,Tamil Nadu,1737.2,2100,0,-1,1720,0,347.44,11,78
11,Uttar Pradesh E,456.01,2100,0,-1,451.5,0,91.202,26,82
11,Uttar Pradesh W,530.6,2100,0,-1,525.35,0,106.12,28,80
